{
  "experiment": "jtvae_bayesian_opt_logp",
  "model": "jtvae",
  "target_property": "logP",
  "n_seeds": 50,
  "optimizer": "bayesian_opt",
  "n_init": 5,
  "n_iter": 20,
  "metrics": {
    "validity": 1.0,
    "mean_improvement": 2.238304600000002,
    "success_rate": 0.98,
    "mean_similarity": 0.12536918316149437
  },
  "trajectory": [
    [
      0,
      3.2606432000000014
    ],
    [
      1,
      3.377400800000002
    ],
    [
      2,
      3.652859200000002
    ],
    [
      3,
      3.807220400000003
    ],
    [
      4,
      3.9654988000000024
    ],
    [
      5,
      4.001544000000003
    ],
    [
      6,
      4.139885200000003
    ],
    [
      7,
      4.167729200000003
    ],
    [
      8,
      4.230159600000003
    ],
    [
      9,
      4.266440000000003
    ],
    [
      10,
      4.307535200000003
    ],
    [
      11,
      4.337286800000004
    ],
    [
      12,
      4.351129600000004
    ],
    [
      13,
      4.391584800000003
    ],
    [
      14,
      4.406563200000003
    ],
    [
      15,
      4.408237600000003
    ],
    [
      16,
      4.432461600000003
    ],
    [
      17,
      4.446189600000003
    ],
    [
      18,
      4.4481876000000025
    ],
    [
      19,
      4.4481876000000025
    ],
    [
      20,
      4.459761600000004
    ]
  ],
  "seed_smiles": [
    "C=CN1CC[C@H](C(=O)c2ccccc2)C1=O",
    "CCC[NH2+][C@H](C1C[C@@H](C)C[C@H](C)C1)[C@]1(C)CCCO1",
    "CSC[C@@H](C)C(=O)NC1(c2ccc(F)cc2)CCCC1",
    "C[C@H](C(=O)NCCCN1CC[NH+](C)CC1)C1CCN(C(=O)c2cc3ccccc3[nH]2)CC1",
    "C/C=C(/C)C(=O)NCc1cccc([N+](=O)[O-])c1",
    "CC(=O)c1ccc(NCc2nncn2C2CC2)c([N+](=O)[O-])c1",
    "CC(C)(C)OC(=O)NCc1cccc(NC(=O)NCc2cccs2)c1",
    "CCc1cccc(C)c1NC(=O)N(CC)Cc1nc2ccccc2c(=O)[nH]1",
    "CSc1nc2nc(Cl)ncc2[n-]1",
    "CN1C[C@H](C(=O)N[C@@H](c2ccccc2)c2ccc(F)cc2)CC1=O",
    "C[C@H]1SC[C@H](C(=O)[O-])N1C(=O)[C@@H]1CSc2ccccc21",
    "CNC(=O)N1CCN(CC(=O)Nc2c(C)cccc2C(C)C)CC1",
    "C/C(=C/C(=O)N1CCN(C[C@H]2CCOC2)CC1)c1ccc(F)cc1F",
    "CCC[C@H](NC(=O)c1cccc(Br)n1)C(=O)OC",
    "Cc1cc(F)ccc1NC(=O)c1ccc(N2CCCCC2=O)cc1",
    "O=C(c1cncc(N2CCO[C@H](C(F)(F)F)C2)n1)N1CCCC1",
    "CCc1ccc(C[NH+]2CCC3(CC2)C[C@H]3C(=O)N2CCC[NH+](C)CC2)cc1",
    "CC(C)CCn1cc(C(=O)NCc2ccc([S@@](C)=O)cc2)nn1",
    "CC[NH2+][C@H](c1cccc(OC)c1)c1cc(C)c(Br)s1",
    "C[C@@H](C1CC1)N(C)C(=O)c1csc(C#CCCO)c1",
    "CCN(CC)C(=O)C1CCN(S(=O)(=O)c2cccc(C(F)(F)F)c2)CC1",
    "O=C(Nc1nnc(C2CCCCC2)o1)C1CCN(S(=O)(=O)c2cccs2)CC1",
    "Cc1noc(C)c1CCNC(=O)Cc1ccc[nH]1",
    "[NH3+][C@@]1(C(=O)[O-])CCC[C@H]1CCOc1ccccc1",
    "Cc1ccc(-n2nnc(C(=O)N[C@H]3CC[C@@H]([NH+](C)C)C3)c2C)cc1",
    "COc1ccc(-c2ccc(NS(=O)(=O)c3ccc4c(c3)CCCC4)cc2)nn1",
    "CC(C)(C)c1ccc(OCCCC(=O)Nc2nncs2)c(Br)c1",
    "CCOC(=O)c1sc(C)c2c1N[C@](C)(c1ccccc1)NC2=O",
    "[NH3+]CCc1ccc(-c2nc3ccc(Cl)cc3s2)cc1",
    "Cc1ccc2nc(C)cc(C(=O)OCCO)c2c1",
    "CC(C)C[C@@H]1COCCN1CC(=O)NCc1ccccc1F",
    "Cc1ccsc1CNC(=O)[C@@]1(C)COC[C@H]1[NH3+]",
    "Cc1cccc(C(C)C)c1NC(=O)c1ccc2c([O-])n(C)c(=S)nc2c1",
    "O=C(NCc1ccccc1CN1CCOCC1)c1ccc2[nH]cnc2c1",
    "CN(C)C(=O)Cn1cc(NC(=O)N2CCSCC2)cn1",
    "C[NH+]1CCN2c3ccc([N+](=O)[O-])cc3C[C@]3(C(=O)N(c4ccc(F)cc4)C(=O)N=C3[O-])[C@@H]2C1",
    "COC(=O)Nc1ccccc1C(=O)N1CC[C@@H](C)[C@@H](O)C1",
    "CC1(C)C[C@](O)([C@@H]2CCCc3ccc[nH+]c32)C(C)(C)O1",
    "Cc1ccc([C@@H](C)CNC(=O)N[C@@H]2CCCN(c3cnn(C)c3)C2)cc1",
    "CCOC(=O)c1cccc(NC(=O)Cn2ccc3c(=O)n(C)ccc32)c1",
    "C#CCOc1ccccc1C[NH+](C)CC(=O)Nc1c(C)n[nH]c1C",
    "Cc1c(F)cccc1NC(=O)C(=O)N[C@@H]1CCC[NH+](C2CCCCC2)C1",
    "Cn1ccnc1[C@H](NC(=O)C1CCN(c2nc3ccccc3o2)CC1)c1ccccc1",
    "Cc1cccc([C@@H]2[C@H]3[NH+]=c4ccccc4=C3CCN2Cc2ccoc2)n1",
    "CC(C)[C@H]([NH2+]CC1CCC(C(=O)[O-])CC1)c1ccccc1",
    "CC(=O)N1c2ccc(S(=O)(=O)NCCC(c3ccccc3)c3ccccc3)cc2C[C@@H]1C",
    "C[C@@H]1CN(C(=O)Cc2c[nH]c3cc(F)ccc23)C[C@H]1N1CCOCC1",
    "CN(CC(=O)N1CCC[C@H](N2CCNC2=O)C1)c1cnccn1",
    "CN(C1CCCCC1)S(=O)(=O)c1ccc(NC(=O)CC2CCCC2)cc1",
    "CC(C)(C)CN1C(=O)C2(CC[NH2+]CC2)Nc2ccccc21"
  ],
  "optimized_smiles": [
    "COc1c(C)cc(C)c(CNc2ccccc2)c1C",
    "c1cnc(Oc2ccc3ccccc3c2)c(Cn2cccn2)c1",
    "CCCCCOc1ccc(NC(=O)Nc2cccc(N)c2C)cc1",
    "CCc1cccc(Nc2cc(F)cc(C(=O)NC3CC3)c2)c1",
    "CCCSc1ccc(N)cc1SCC",
    "CCC(c1c(Cl)cccc1Cl)S(=O)(=O)c1ccccn1",
    "Cc1cccc(-c2cc(C(=O)Nc3ccccc3)sn2)c1C",
    "O=C(CC1CC=CC1)Nc1ccccc1NC(=O)Nc1ccccc1",
    "O=C(Nc1cccc(NCc2cccc(C(F)(F)F)c2)c1)NC1CC1",
    "O=C(Nc1ccccc1)Nc1cccc(N2CCCCC2)c1",
    "CCCNc1nc(C)c(-c2nc(C)c(CC(C)C)s2)s1",
    "CCCc1ccc(OC(C)C(=O)Nc2cccc(NCC)c2)cc1",
    "CC(C#N)C(N1CCCc2cc(F)ccc21)C(C)(C)C(C)C",
    "O=C(c1ccc[nH]1)C(Cc1ccccc1)c1ccccc1",
    "CCc1c(F)cccc1Nc1ccc(NC(=O)Nc2cnn(C)c2)cc1",
    "CC(C)c1ccc(C(C)(C)CNC(=O)Nc2ccc(NC(=O)C3CC3)cc2)cc1",
    "Cc1cc(C)c(C(=O)N(C)C(C)C(O)c2ccccc2)c(C)c1",
    "c1ccc(Oc2ccc(CCCCn3cncn3)cc2)cc1",
    "COc1cccc(C(C)C(=O)c2cccc(C(C)=O)c2)c1C",
    "CCCC(C(=O)C(C)OCc1c(C)noc1C)c1ccccc1",
    "CC(C)c1sc(C2CC2)nc1C(=O)N1CCC2(CCCC2)C1",
    "CCCc1cc(C(=O)OC(C)C(=O)c2ccccc2)sc1C",
    "CC(c1ccccc1)C(C(=O)NCCC(F)(F)F)c1ccccc1",
    "Cc1cnn2cc(-c3cc(Cl)cc(Cl)c3)cnc12",
    "O=C(Nc1ccc(-c2ccccc2)cc1)c1cc2n(n1)-c1ccccc1CC2",
    "Cc1cc(Sc2nccc3[nH]ccc23)cc2[nH]ccc12",
    "C=CCC(C)(C)C(=O)CCCCc1cc(OC)c(C)cc1OC",
    "O=C(NC1CCCCC1)N(Cc1ccncc1)C1CCCCC1",
    "CC(C)c1cccc(C(=O)c2cc(F)cc(F)c2F)c1",
    "Cc1cccc2cc3c(cc12)-c1cccc(O)c1CC3=O",
    "Fc1ccc(C(CC(F)(F)F)OCC(F)(F)F)cc1",
    "O=C(Nc1cc(Cl)cc(Cl)c1)Nc1nc2c(s1)CC=CC2",
    "CNc1cccc(CNc2cc(C(F)(F)F)nn2C(C)(C)C)c1C",
    "CC(C)c1nnc(SC(C)c2cccc(Br)c2)o1",
    "O=C(Cc1ccccc1)c1cccc(NC(=O)c2ccccc2)c1",
    "CC(C)CCNC(=O)Nc1cccc(NC(=O)c2ccccc2)c1",
    "O=C(Nc1cccc(N2CCCc3ccccc32)c1)N1CCCCC1",
    "CCC(C)C1CCN(Cc2cnccc2C(C)C)C(N(C)C)C1",
    "Cc1nc(C(=O)NC(c2ccsc2)C(C)(C)C)sc1C",
    "Cc1c(C(=O)c2ccc(F)cc2F)cccc1C(F)(F)F",
    "Cc1c(N(C)C(=O)c2cccc(SC(C)C)c2)cccc1S(C)(=O)=O",
    "O=C(Cc1ccsc1)Nc1ccc(-c2nc3ccccc3[nH]2)cc1",
    "CC(Sc1nccn1CC(F)(F)F)C(=O)N(C(C)C)C1CCCC1",
    "Fc1cc(Cl)cc(NCc2ccccc2CN2CCOCC2)c1",
    "N#Cc1cccc(F)c1Nc1c(Cl)cccc1-n1cccn1",
    "O=C(Nc1ccccc1OC(F)(F)F)C1CCCC(C(F)(F)F)C1",
    "CCCC(Cc1ccccc1)c1c(C)noc1C",
    "CC(Nc1cc(N)cc2c1c1ccccc1n2C)c1ccc(N)cc1",
    "O=C(c1cccnc1)N(C(=O)C1(c2ccc(C(F)(F)F)cc2)CC1)C1CC1",
    "CC(Nc1nc2ccc(Cl)cc2s1)C(C)(C)c1ccsc1"
  ]
}