{
  "experiment": "bayesian_opt_logp",
  "target_property": "logP",
  "n_seeds": 50,
  "optimizer": "bayesian_opt",
  "n_init": 5,
  "n_iter": 20,
  "metrics": {
    "validity": 1.0,
    "mean_improvement": 2.7292342000000023,
    "success_rate": 1.0,
    "mean_similarity": 0.137568107318835
  },
  "trajectory": [
    [
      0,
      3.2582824000000015
    ],
    [
      1,
      3.656487200000002
    ],
    [
      2,
      3.7917152000000023
    ],
    [
      3,
      4.042659600000002
    ],
    [
      4,
      4.166965600000002
    ],
    [
      5,
      4.200958400000002
    ],
    [
      6,
      4.249778400000002
    ],
    [
      7,
      4.324236800000002
    ],
    [
      8,
      4.445058800000003
    ],
    [
      9,
      4.520738800000003
    ],
    [
      10,
      4.5467020000000025
    ],
    [
      11,
      4.613103200000003
    ],
    [
      12,
      4.689646000000003
    ],
    [
      13,
      4.713188400000003
    ],
    [
      14,
      4.768964400000002
    ],
    [
      15,
      4.814585200000003
    ],
    [
      16,
      4.832303200000004
    ],
    [
      17,
      4.904936800000004
    ],
    [
      18,
      4.924170800000004
    ],
    [
      19,
      4.934450800000004
    ],
    [
      20,
      4.950691200000004
    ]
  ],
  "seed_smiles": [
    "C=CN1CC[C@H](C(=O)c2ccccc2)C1=O",
    "CCC[NH2+][C@H](C1C[C@@H](C)C[C@H](C)C1)[C@]1(C)CCCO1",
    "CSC[C@@H](C)C(=O)NC1(c2ccc(F)cc2)CCCC1",
    "C[C@H](C(=O)NCCCN1CC[NH+](C)CC1)C1CCN(C(=O)c2cc3ccccc3[nH]2)CC1",
    "C/C=C(/C)C(=O)NCc1cccc([N+](=O)[O-])c1",
    "CC(=O)c1ccc(NCc2nncn2C2CC2)c([N+](=O)[O-])c1",
    "CC(C)(C)OC(=O)NCc1cccc(NC(=O)NCc2cccs2)c1",
    "CCc1cccc(C)c1NC(=O)N(CC)Cc1nc2ccccc2c(=O)[nH]1",
    "CSc1nc2nc(Cl)ncc2[n-]1",
    "CN1C[C@H](C(=O)N[C@@H](c2ccccc2)c2ccc(F)cc2)CC1=O",
    "C[C@H]1SC[C@H](C(=O)[O-])N1C(=O)[C@@H]1CSc2ccccc21",
    "CNC(=O)N1CCN(CC(=O)Nc2c(C)cccc2C(C)C)CC1",
    "C/C(=C/C(=O)N1CCN(C[C@H]2CCOC2)CC1)c1ccc(F)cc1F",
    "CCC[C@H](NC(=O)c1cccc(Br)n1)C(=O)OC",
    "Cc1cc(F)ccc1NC(=O)c1ccc(N2CCCCC2=O)cc1",
    "O=C(c1cncc(N2CCO[C@H](C(F)(F)F)C2)n1)N1CCCC1",
    "CCc1ccc(C[NH+]2CCC3(CC2)C[C@H]3C(=O)N2CCC[NH+](C)CC2)cc1",
    "CC(C)CCn1cc(C(=O)NCc2ccc([S@@](C)=O)cc2)nn1",
    "CC[NH2+][C@H](c1cccc(OC)c1)c1cc(C)c(Br)s1",
    "C[C@@H](C1CC1)N(C)C(=O)c1csc(C#CCCO)c1",
    "CCN(CC)C(=O)C1CCN(S(=O)(=O)c2cccc(C(F)(F)F)c2)CC1",
    "O=C(Nc1nnc(C2CCCCC2)o1)C1CCN(S(=O)(=O)c2cccs2)CC1",
    "Cc1noc(C)c1CCNC(=O)Cc1ccc[nH]1",
    "[NH3+][C@@]1(C(=O)[O-])CCC[C@H]1CCOc1ccccc1",
    "Cc1ccc(-n2nnc(C(=O)N[C@H]3CC[C@@H]([NH+](C)C)C3)c2C)cc1",
    "COc1ccc(-c2ccc(NS(=O)(=O)c3ccc4c(c3)CCCC4)cc2)nn1",
    "CC(C)(C)c1ccc(OCCCC(=O)Nc2nncs2)c(Br)c1",
    "CCOC(=O)c1sc(C)c2c1N[C@](C)(c1ccccc1)NC2=O",
    "[NH3+]CCc1ccc(-c2nc3ccc(Cl)cc3s2)cc1",
    "Cc1ccc2nc(C)cc(C(=O)OCCO)c2c1",
    "CC(C)C[C@@H]1COCCN1CC(=O)NCc1ccccc1F",
    "Cc1ccsc1CNC(=O)[C@@]1(C)COC[C@H]1[NH3+]",
    "Cc1cccc(C(C)C)c1NC(=O)c1ccc2c([O-])n(C)c(=S)nc2c1",
    "O=C(NCc1ccccc1CN1CCOCC1)c1ccc2[nH]cnc2c1",
    "CN(C)C(=O)Cn1cc(NC(=O)N2CCSCC2)cn1",
    "C[NH+]1CCN2c3ccc([N+](=O)[O-])cc3C[C@]3(C(=O)N(c4ccc(F)cc4)C(=O)N=C3[O-])[C@@H]2C1",
    "COC(=O)Nc1ccccc1C(=O)N1CC[C@@H](C)[C@@H](O)C1",
    "CC1(C)C[C@](O)([C@@H]2CCCc3ccc[nH+]c32)C(C)(C)O1",
    "Cc1ccc([C@@H](C)CNC(=O)N[C@@H]2CCCN(c3cnn(C)c3)C2)cc1",
    "CCOC(=O)c1cccc(NC(=O)Cn2ccc3c(=O)n(C)ccc32)c1",
    "C#CCOc1ccccc1C[NH+](C)CC(=O)Nc1c(C)n[nH]c1C",
    "Cc1c(F)cccc1NC(=O)C(=O)N[C@@H]1CCC[NH+](C2CCCCC2)C1",
    "Cn1ccnc1[C@H](NC(=O)C1CCN(c2nc3ccccc3o2)CC1)c1ccccc1",
    "Cc1cccc([C@@H]2[C@H]3[NH+]=c4ccccc4=C3CCN2Cc2ccoc2)n1",
    "CC(C)[C@H]([NH2+]CC1CCC(C(=O)[O-])CC1)c1ccccc1",
    "CC(=O)N1c2ccc(S(=O)(=O)NCCC(c3ccccc3)c3ccccc3)cc2C[C@@H]1C",
    "C[C@@H]1CN(C(=O)Cc2c[nH]c3cc(F)ccc23)C[C@H]1N1CCOCC1",
    "CN(CC(=O)N1CCC[C@H](N2CCNC2=O)C1)c1cnccn1",
    "CN(C1CCCCC1)S(=O)(=O)c1ccc(NC(=O)CC2CCCC2)cc1",
    "CC(C)(C)CN1C(=O)C2(CC[NH2+]CC2)Nc2ccccc21"
  ],
  "optimized_smiles": [
    "O=C(OC1CCN(c2ccccc2F)CC1)c1ccc(Cl)c(NC(=O)NCc2ccco2)c1",
    "CC(C)CC[N+]12CCC(C[C@@H](O)c3ccc(F)cc3)CCN2C1=O",
    "Cc1ccc([C@H](NC(=O)Nc2nc(-c3ccc(C)c(C)c3)cc(C)n2)C2CC2)cc1",
    "Cc1ccc(SC2[C@H](C)[C@@H](C)CN2C(=O)CC(C)(C)C)cc1",
    "O=C(C[C@@H]1CCCN(c2ncnn2-c2nc3ccccc3o2)C1)N1CCc2ccccc21",
    "CC(=O)c1ccnc(SCC(=O)Nc2cc(Cl)c(Cl)cc2Cl)c1",
    "O=C(Nc1ccc(C(F)(F)F)nc1)Nc1cc(F)ccc1C(=O)N1CCCCC1",
    "CCOc1cc(C(=O)Nc2ccc(C(=O)NCc3ccccc3)cc2)c(Cl)cc1Cl",
    "CSc1nnc(SCCSc2ccc(C)cc2)n1C",
    "Cc1ccccc1Cn1cc(S(=O)(=O)NCc2ccc(C(F)(F)F)cc2)c2ccccc21",
    "Clc1ccc(Cl)cc1OCc1ccc(CNC(=O)NC[C@@]2(O)CCc3ccccc32)cc1",
    "C[C@@H](CNC(=O)N/N=C/c1nc2ccc(F)cc2s1)c1ccccc1",
    "CSc1ccc(/C=C/C(=O)Nc2ccccc2N2CCN(C(=O)C(C)(C)C)CC2)cc1",
    "CCCOc1cccc(-c2ncnc3cc(Br)cc(Cl)c23)c1O",
    "Cc1cc(C)ccc1N(Cc1ccccc1)C(=O)Nc1cccc2cccnc12",
    "N#Cc1ccc(N2CCC(NC(=O)c3c[nH]c4cc(Cl)ccc34)CC2)cc1",
    "CC(C)[C@H]1CCC[C@](C)(CC[NH2+]C2CCCCC2)C1",
    "CC[C@H](C)NC(=O)[C@@H]1CCC[C@@H](C[C@@H]1C)C(C)C",
    "Cc1nn(C(C)C)cc1C1CCC(OC(=O)Nc2ccc(C(C)C)cc2)CC1",
    "Cc1ccc(-c2ccc(F)cc2CNc2ccccc2C)c(C)c1",
    "CN(C1CCN(C(=O)N[C@@H](C)c2ccccc2)C(=O)C[C@@H]1c1ccccc1)c1ccccc1",
    "CC(=O)c1ccc(-c2cccc(-n3ccnc3)n2)cc1N[C@H]1CCC[C@H](C)C1",
    "O=C(CCCc1ccncc1)N(Cc1cccc(C(F)(F)F)c1)C1CC1",
    "O=C(NC[C@@H]1CCCN1C(=O)C1CCCCC1)Nc1cccc(N2CCCC2=O)c1",
    "Cc1ccc(S(=O)(=O)[C@H](C)c2cc(C)ccc2C)c([N+](=O)[O-])c1",
    "Cc1cc(C)nc2c1NC(=O)[C@@H](SCc1ccn(-c3ccccc3)n1)c1ccccc12",
    "CC(C)(C)c1ccc(OCCCC(=O)Nc2nnc(SC(F)F)s2)cc1",
    "Cc1nn(Cc2ccccc2)c(C)c1[C@H]1CCCN1c1nc2ccccc2[nH]1",
    "O=C1S/C(=N\\c2cccc3ncccc23)[C@H](c2ccccc2F)N1c1ccccc1",
    "c1ccc(-c2cccc(OCC(F)F)c2)nc1-c1ccccc1",
    "CCCCCNC(=O)c1ccc(C)cc1Nc1ccc(F)cc1F",
    "CN(CC(F)(F)F)C1CCN(c2ccc(Cl)c(F)c2)CC1",
    "CCOc1ccccc1-c1ccnn1-c1cccc(/C=C2\\C=Cc3ccccc3N2)c1",
    "CC(C)NC(=O)C1CCC(c2nc(-c3ccc(NS(=O)(=O)c4ccc(Cl)cc4)o3)cs2)CC1",
    "N#Cc1ccc(-c2ncc(Nc3cccnc3)c(Cl)c2Cl)o1",
    "Clc1ccc(Nc2ncnc(NCc3cccc(-c4ccncc4)n3)c2)c(F)c1",
    "COC(=O)COc1ccc(C(C)(C)C)c(C)c1[C@@H](C)CC",
    "CC(C)(C)n1ncc2c1CN(C1CCCCC1)C[C@@H]2N=N/c1ccccc1",
    "C=C1CC[C@@H](Cc2ccc(NC(=O)c3cccc(C)c3)cc2)[C@H](C)C1",
    "Cc1nc(-c2ccccn2)c(C)n1-c1ccc(N[C@@H](C)c2cccc(Cl)c2)cc1",
    "CC(C)Cc1cccc(NC(=O)c2cccc(NC(=O)N3[C@@H]4CCCC[C@H]4C3)c2)c1",
    "CCN(CC)C(=O)c1cc(C)n([C@@H](C)c2nc(N3CCCCC3)nc3ccccc23)n1",
    "Cc1ncc(C(=O)Nc2cccc(C(F)(F)F)c2)cc1C(=O)NCCC1CCCCC1",
    "O=C(CN1C(=O)c2ccc(-c3cc4ccccc4cc3)cc2O1)Nc1ccc(N2CCCC2)cc1",
    "CC(C)[C@H]1CC[C@](C)(O)C[C@@H](C)C1",
    "CCC(CC)n1nc([C@@H]2CC(=O)CCC2)c2cc(S(=O)(=O)Nc3ccccc3)ccc21",
    "Fc1ccc2c(c1)OC[C@H](C[C@H]1Cc3ccccc3O1)C1=C(CCCC1=O)N2",
    "CN(CCCNC(=O)c1cc2ccccc2cc1Cl)c1cccc(N2CCCC2=O)c1",
    "Cc1ccc(C)c2c1[C@H](c1cccc(Cl)c1)[C@H](C)N2",
    "COc1ccc(C(=O)Nc2ccc(C)c(C(F)(F)F)c2)cc1OC"
  ]
}