{
  "experiment": "cma_es_logp",
  "target_property": "logP",
  "n_seeds": 100,
  "optimizer": "cma_es",
  "sigma0": 0.5,
  "n_iter": 50,
  "popsize": 10,
  "metrics": {
    "validity": 1.0,
    "mean_improvement": 4.849066300000004,
    "success_rate": 1.0,
    "mean_similarity": 0.12896576336478904
  },
  "trajectory": [
    [
      0,
      2.4765552000000013
    ],
    [
      1,
      4.005358600000002
    ],
    [
      2,
      4.408059800000003
    ],
    [
      3,
      4.632214400000003
    ],
    [
      4,
      4.865477000000004
    ],
    [
      5,
      5.035258600000004
    ],
    [
      6,
      5.189673300000004
    ],
    [
      7,
      5.298450000000003
    ],
    [
      8,
      5.447355600000004
    ],
    [
      9,
      5.568999800000005
    ],
    [
      10,
      5.680604000000004
    ],
    [
      11,
      5.770225200000003
    ],
    [
      12,
      5.875128400000005
    ],
    [
      13,
      5.950565300000003
    ],
    [
      14,
      6.011705900000004
    ],
    [
      15,
      6.063815700000005
    ],
    [
      16,
      6.143244200000005
    ],
    [
      17,
      6.190472400000004
    ],
    [
      18,
      6.235681600000004
    ],
    [
      19,
      6.284241200000006
    ],
    [
      20,
      6.331023200000005
    ],
    [
      21,
      6.384307600000004
    ],
    [
      22,
      6.435706600000004
    ],
    [
      23,
      6.498468200000004
    ],
    [
      24,
      6.545117000000005
    ],
    [
      25,
      6.571200900000005
    ],
    [
      26,
      6.6102593000000045
    ]
  ],
  "seed_smiles": [
    "C=CN1CC[C@H](C(=O)c2ccccc2)C1=O",
    "CCC[NH2+][C@H](C1C[C@@H](C)C[C@H](C)C1)[C@]1(C)CCCO1",
    "CSC[C@@H](C)C(=O)NC1(c2ccc(F)cc2)CCCC1",
    "C[C@H](C(=O)NCCCN1CC[NH+](C)CC1)C1CCN(C(=O)c2cc3ccccc3[nH]2)CC1",
    "C/C=C(/C)C(=O)NCc1cccc([N+](=O)[O-])c1",
    "CC(=O)c1ccc(NCc2nncn2C2CC2)c([N+](=O)[O-])c1",
    "CC(C)(C)OC(=O)NCc1cccc(NC(=O)NCc2cccs2)c1",
    "CCc1cccc(C)c1NC(=O)N(CC)Cc1nc2ccccc2c(=O)[nH]1",
    "CSc1nc2nc(Cl)ncc2[n-]1",
    "CN1C[C@H](C(=O)N[C@@H](c2ccccc2)c2ccc(F)cc2)CC1=O",
    "C[C@H]1SC[C@H](C(=O)[O-])N1C(=O)[C@@H]1CSc2ccccc21",
    "CNC(=O)N1CCN(CC(=O)Nc2c(C)cccc2C(C)C)CC1",
    "C/C(=C/C(=O)N1CCN(C[C@H]2CCOC2)CC1)c1ccc(F)cc1F",
    "CCC[C@H](NC(=O)c1cccc(Br)n1)C(=O)OC",
    "Cc1cc(F)ccc1NC(=O)c1ccc(N2CCCCC2=O)cc1",
    "O=C(c1cncc(N2CCO[C@H](C(F)(F)F)C2)n1)N1CCCC1",
    "CCc1ccc(C[NH+]2CCC3(CC2)C[C@H]3C(=O)N2CCC[NH+](C)CC2)cc1",
    "CC(C)CCn1cc(C(=O)NCc2ccc([S@@](C)=O)cc2)nn1",
    "CC[NH2+][C@H](c1cccc(OC)c1)c1cc(C)c(Br)s1",
    "C[C@@H](C1CC1)N(C)C(=O)c1csc(C#CCCO)c1",
    "CCN(CC)C(=O)C1CCN(S(=O)(=O)c2cccc(C(F)(F)F)c2)CC1",
    "O=C(Nc1nnc(C2CCCCC2)o1)C1CCN(S(=O)(=O)c2cccs2)CC1",
    "Cc1noc(C)c1CCNC(=O)Cc1ccc[nH]1",
    "[NH3+][C@@]1(C(=O)[O-])CCC[C@H]1CCOc1ccccc1",
    "Cc1ccc(-n2nnc(C(=O)N[C@H]3CC[C@@H]([NH+](C)C)C3)c2C)cc1",
    "COc1ccc(-c2ccc(NS(=O)(=O)c3ccc4c(c3)CCCC4)cc2)nn1",
    "CC(C)(C)c1ccc(OCCCC(=O)Nc2nncs2)c(Br)c1",
    "CCOC(=O)c1sc(C)c2c1N[C@](C)(c1ccccc1)NC2=O",
    "[NH3+]CCc1ccc(-c2nc3ccc(Cl)cc3s2)cc1",
    "Cc1ccc2nc(C)cc(C(=O)OCCO)c2c1",
    "CC(C)C[C@@H]1COCCN1CC(=O)NCc1ccccc1F",
    "Cc1ccsc1CNC(=O)[C@@]1(C)COC[C@H]1[NH3+]",
    "Cc1cccc(C(C)C)c1NC(=O)c1ccc2c([O-])n(C)c(=S)nc2c1",
    "O=C(NCc1ccccc1CN1CCOCC1)c1ccc2[nH]cnc2c1",
    "CN(C)C(=O)Cn1cc(NC(=O)N2CCSCC2)cn1",
    "C[NH+]1CCN2c3ccc([N+](=O)[O-])cc3C[C@]3(C(=O)N(c4ccc(F)cc4)C(=O)N=C3[O-])[C@@H]2C1",
    "COC(=O)Nc1ccccc1C(=O)N1CC[C@@H](C)[C@@H](O)C1",
    "CC1(C)C[C@](O)([C@@H]2CCCc3ccc[nH+]c32)C(C)(C)O1",
    "Cc1ccc([C@@H](C)CNC(=O)N[C@@H]2CCCN(c3cnn(C)c3)C2)cc1",
    "CCOC(=O)c1cccc(NC(=O)Cn2ccc3c(=O)n(C)ccc32)c1",
    "C#CCOc1ccccc1C[NH+](C)CC(=O)Nc1c(C)n[nH]c1C",
    "Cc1c(F)cccc1NC(=O)C(=O)N[C@@H]1CCC[NH+](C2CCCCC2)C1",
    "Cn1ccnc1[C@H](NC(=O)C1CCN(c2nc3ccccc3o2)CC1)c1ccccc1",
    "Cc1cccc([C@@H]2[C@H]3[NH+]=c4ccccc4=C3CCN2Cc2ccoc2)n1",
    "CC(C)[C@H]([NH2+]CC1CCC(C(=O)[O-])CC1)c1ccccc1",
    "CC(=O)N1c2ccc(S(=O)(=O)NCCC(c3ccccc3)c3ccccc3)cc2C[C@@H]1C",
    "C[C@@H]1CN(C(=O)Cc2c[nH]c3cc(F)ccc23)C[C@H]1N1CCOCC1",
    "CN(CC(=O)N1CCC[C@H](N2CCNC2=O)C1)c1cnccn1",
    "CN(C1CCCCC1)S(=O)(=O)c1ccc(NC(=O)CC2CCCC2)cc1",
    "CC(C)(C)CN1C(=O)C2(CC[NH2+]CC2)Nc2ccccc21",
    "C[C@H](NC(=O)c1ccccn1)c1nc2ccccc2n1Cc1c(Cl)cccc1Cl",
    "CCc1ccccc1NC(=O)CSc1nnc(-c2ccc(F)cc2)n1C",
    "CC#CC[C@H]([NH3+])C1(N(C)C)CCCCC1",
    "CC(=O)N1CCC[C@H](Cc2cnc(Br)cn2)CC1",
    "CC(C)[C@H]1COC(=O)N1CC(=O)N1CCC(CCN2CCCC2=O)CC1",
    "CCn1nnc2cc(C(=O)Nc3ccc(OC4CCCC4)c(F)c3)ccc21",
    "CCN(Cc1cccc(Cl)c1)C(=O)c1cn(Cc2cccs2)nn1",
    "Cc1nc([C@@H]2CCCN(C(=O)N[C@@H]3CCc4ccccc4C3)C2)no1",
    "Cc1cc(N2CCN(c3ccccc3)CC2)n2nc(-c3ccco3)nc2n1",
    "N#Cc1cnc(N2CCc3nnc([C@@H]4CCCO4)n3CC2)nc1N",
    "CC(=O)c1c[nH]c(C(=O)N[C@H](C)c2cccc(N3CCCC3)c2)c1",
    "COc1ccccc1OCCN1CC[NH2+]C[C@@H]1C#N",
    "CCS(=O)(=O)c1ccc(-c2ccc(NS(=O)(=O)c3ccc(F)c(C)c3)cc2)nn1",
    "COCCCNC(=O)[C@@H](C)Sc1nncn1C",
    "COc1ccc(-c2cc3c(=O)n(CC(=O)NCc4ccccc4Cl)ncn3n2)cc1",
    "C[NH2+][C@]1(C(=O)[O-])CCC[C@@H]([NH+](C)C2CCCCCC2)C1",
    "CC(C)C[NH+](C)CC[C@@H](C)[NH3+]",
    "COc1ccc2sc(N(CCCN3CCOCC3)C(=O)c3ccc(C)c(C)c3)nc2c1",
    "C=CCN1C(=O)/C(=N/NC(=O)COc2cc(C)ccc2C)c2ccccc21",
    "COc1ccccc1C[NH+](CC(=O)Nc1c(C)cccc1C)C1CC1",
    "CC(C)n1ncc2cc(NC(=O)NCc3ccccc3Cl)cnc21",
    "C[C@H]1CN(C(=O)c2cccnc2OCC(F)F)C[C@H](c2ccccc2)O1",
    "COC1CCC(CC(=O)NNc2ncccc2[N+](=O)[O-])CC1",
    "CCc1cccc(C)c1NC(=O)CNc1ccc(C(=O)NC(C)C)c(C)c1",
    "O=C(Nc1cccnc1Cl)C(=O)N[C@@H]1CCCCc2ccccc21",
    "C[NH2+]C[C@H]1CCN(Cc2cnn(C)c2C)C1",
    "O=C(NCc1cn2ccccc2n1)N1CCN(c2cc[nH+]cc2)CC1",
    "Cc1ccc([C@@H](C)NC(=O)CCC(=O)c2ccc3c(c2)OCCO3)cc1",
    "COc1ccc(NCC2CCCCC2)cc1OC",
    "CC(=O)N1N=C(COc2ccc(Cl)cc2Cl)O[C@H]1c1ccccc1Cl",
    "CC(C)NC(=O)N1CCC[C@H]1C(=O)N[C@H](C)c1ccc(Cl)s1",
    "Cc1ncsc1Cc1nc2c([nH]1)CC(C)(C)CNC2=O",
    "Cc1cccc(OCCCC(=O)Nc2ccc(I)cc2)c1",
    "CCC(C)(C)n1c(=S)[nH]c2ccc(C)cc21",
    "Cc1ccc(S(=O)(=O)/N=C(\\[O-])[C@@H]2C[C@H]2c2cccc(F)c2)c(C)c1",
    "CC(C)(C)NC(=O)C(=O)NCC1(c2ccc(F)cc2)CC1",
    "Cc1ccccc1-c1noc(=O)n1CCC(C)(C)C#N",
    "COC(=O)C[C@@H](C)N1CCN(c2ccc([N+](=O)[O-])c3cnccc23)CC1",
    "C[NH2+]Cc1c(Cl)ccc(S(=O)(=O)N2C[C@@H](C)[C@@H](C)C2)c1Cl",
    "CCN(C(=O)C[NH+](CC)Cc1ccccc1C)C1CC1",
    "CC1CCC([NH+]2CCN([C@@H]3CCN(c4sccc4C#N)C3=O)CC2)CC1",
    "CCCN(CC(=O)Nc1ccc(F)c(F)c1F)C(=O)c1cc([N+](=O)[O-])ccc1Cl",
    "CC[C@@H](C)NC(=O)c1cc2cc(S(=O)(=O)N(C)C)ccc2n1CC",
    "OC(c1ccccc1)(c1ccccc1)c1ccc2c(c1)OCO2",
    "CCCC(=O)Nc1nnc(CC(=O)N/N=C/c2ccccc2Cl)s1",
    "Cc1nnc(S[C@@H](C)C(=O)N(C)c2ccccc2)n1N",
    "CCc1ncc(CN(C)C(=O)c2ccc(OC(C)(C)C)cc2)s1",
    "O=C1CCc2c(ccc(Br)c2Cl)N1",
    "Cc1cc(C)c2c(c1)c(C)cc(=O)n2CC(C)C",
    "O=C(Nc1ccccc1)c1cccc2c1N[C@@H](c1cc([N+](=O)[O-])ccc1Cl)[C@@H]1CC=C[C@H]21"
  ],